inputs/inputGraph_order_20_density_0.25_id_1.txt,parameters/parameterSet1.txt,900,999,24,0,0,0,20,0.250000,0,636,3,26,747,0,1,0.000000,10.000000,3,0,747,1,0,47,0.247368,57,0.300000,0,79,0
inputs/inputGraph_order_20_density_0.25_id_1.txt,parameters/parameterSet3.txt,900,999,24,0,1,0,20,0.250000,0,351,2,26,747,0,1,0.000000,10.000000,5,2,747,1,0,47,0.247368,57,0.300000,0,79,0
inputs/inputGraph_order_20_density_0.25_id_1.txt,parameters/parameterSet5.txt,900,999,24,1,0,0,20,0.250000,0,260,2,26,747,0,1,0.000000,10.000000,13,10,747,1,0,47,0.247368,57,0.300000,0,79,0
inputs/inputGraph_order_20_density_0.25_id_1.txt,parameters/parameterSet7.txt,900,999,24,1,1,0,20,0.250000,0,978,2,26,747,0,1,0.000000,10.000000,15,12,747,1,0,47,0.247368,57,0.300000,0,79,0
inputs/inputGraph_order_20_density_0.25_id_2.txt,parameters/parameterSet1.txt,900,999,24,0,0,0,20,0.250000,0,268,4,52,988,0,1,0.000000,11.000000,7,0,988,5,0,50,0.263158,61,0.321053,0,79,0
inputs/inputGraph_order_20_density_0.25_id_2.txt,parameters/parameterSet3.txt,900,999,24,0,1,0,20,0.250000,0,452,4,54,1008,0,1,0.000000,11.000000,12,6,1008,5,0,50,0.263158,61,0.321053,0,79,0
inputs/inputGraph_order_20_density_0.25_id_2.txt,parameters/parameterSet5.txt,900,999,24,1,0,0,20,0.250000,0,482,4,54,1008,0,1,0.000000,11.000000,26,21,1008,5,0,50,0.263158,61,0.321053,0,79,0
inputs/inputGraph_order_20_density_0.25_id_2.txt,parameters/parameterSet7.txt,900,999,24,1,1,0,20,0.250000,0,860,4,54,1008,0,1,0.000000,11.000000,32,27,1008,5,0,50,0.263158,61,0.321053,0,79,0
inputs/inputGraph_order_20_density_0.25_id_3.txt,parameters/parameterSet1.txt,900,999,24,0,0,0,20,0.250000,0,270,6,64,1472,5,1,0.000000,13.000000,3,0,1477,38,0,60,0.315789,73,0.384211,0,79,0
inputs/inputGraph_order_20_density_0.25_id_3.txt,parameters/parameterSet3.txt,900,999,24,0,1,0,20,0.250000,0,182,6,60,1434,4,1,0.000000,13.000000,11,6,1438,35,0,60,0.315789,73,0.384211,0,79,0
inputs/inputGraph_order_20_density_0.25_id_3.txt,parameters/parameterSet5.txt,900,999,24,1,0,0,20,0.250000,0,1331,6,62,1613,10,1,0.000000,13.000000,31,30,1623,7,0,60,0.315789,73,0.384211,0,79,0
inputs/inputGraph_order_20_density_0.25_id_3.txt,parameters/parameterSet7.txt,900,999,24,1,1,0,20,0.250000,0,754,6,62,1613,10,1,0.000000,13.000000,35,34,1623,7,0,60,0.315789,73,0.384211,0,79,0
inputs/inputGraph_order_20_density_0.25_id_4.txt,parameters/parameterSet1.txt,900,999,24,0,0,0,20,0.250000,0,118,3,52,1156,1,1,0.000000,11.000000,5,0,1157,0,0,51,0.268421,62,0.326316,0,79,0
inputs/inputGraph_order_20_density_0.25_id_4.txt,parameters/parameterSet3.txt,900,999,24,0,1,0,20,0.250000,0,575,4,52,1156,1,1,0.000000,11.000000,17,12,1157,0,0,51,0.268421,62,0.326316,0,79,0
inputs/inputGraph_order_20_density_0.25_id_4.txt,parameters/parameterSet5.txt,900,999,24,1,0,0,20,0.250000,0,139,2,28,1050,1,1,0.000000,11.000000,14,13,1051,0,0,51,0.268421,62,0.326316,0,79,0
inputs/inputGraph_order_20_density_0.25_id_4.txt,parameters/parameterSet7.txt,900,999,24,1,1,0,20,0.250000,0,143,2,28,1050,1,1,0.000000,11.000000,15,14,1051,0,0,51,0.268421,62,0.326316,0,79,0
inputs/inputGraph_order_20_density_0.25_id_5.txt,parameters/parameterSet1.txt,900,999,24,0,0,0,20,0.250000,0,456,1,28,293,0,1,0.000000,8.000000,3,0,293,0,0,38,0.200000,46,0.242105,0,79,0
inputs/inputGraph_order_20_density_0.25_id_5.txt,parameters/parameterSet3.txt,900,999,24,0,1,0,20,0.250000,0,422,1,28,293,0,1,0.000000,8.000000,8,5,293,0,0,38,0.200000,46,0.242105,0,79,0
inputs/inputGraph_order_20_density_0.25_id_5.txt,parameters/parameterSet5.txt,900,999,24,1,0,0,20,0.250000,0,203,2,48,401,0,1,0.000000,8.000000,24,20,401,0,0,38,0.200000,46,0.242105,0,79,0
inputs/inputGraph_order_20_density_0.25_id_5.txt,parameters/parameterSet7.txt,900,999,24,1,1,0,20,0.250000,0,815,2,48,401,0,1,0.000000,8.000000,29,25,401,0,0,38,0.200000,46,0.242105,0,79,0
inputs/inputGraph_order_20_density_0.50_id_1.txt,parameters/parameterSet1.txt,900,999,24,0,0,0,20,0.500000,0,328,7,50,2297,175,1,0.000000,20.000000,6,0,2472,226,0,88,0.463158,108,0.568421,0,195,13
inputs/inputGraph_order_20_density_0.50_id_1.txt,parameters/parameterSet3.txt,900,999,24,0,1,0,20,0.500000,0,585,6,44,2291,83,1,0.000000,20.000000,36,30,2374,198,0,88,0.463158,108,0.568421,0,195,13
inputs/inputGraph_order_20_density_0.50_id_1.txt,parameters/parameterSet5.txt,900,999,24,1,0,0,20,0.500000,0,820,6,40,2465,72,1,0.000000,20.000000,20,16,2537,207,0,88,0.463158,108,0.568421,0,195,13
inputs/inputGraph_order_20_density_0.50_id_1.txt,parameters/parameterSet7.txt,900,999,24,1,1,0,20,0.500000,0,596,6,44,2291,83,1,0.000000,20.000000,52,46,2374,198,0,88,0.463158,108,0.568421,0,195,13
inputs/inputGraph_order_20_density_0.50_id_2.txt,parameters/parameterSet1.txt,900,999,24,0,0,0,20,0.500000,0,863,11,104,2282,615,1,0.000000,21.000000,8,0,2897,3393,0,100,0.526316,121,0.636842,0,195,13
inputs/inputGraph_order_20_density_0.50_id_2.txt,parameters/parameterSet3.txt,900,999,24,0,1,0,20,0.500000,0,2304,5,40,1848,435,1,0.000000,21.000000,742,746,2283,5340,0,100,0.526316,121,0.636842,0,195,13
inputs/inputGraph_order_20_density_0.50_id_2.txt,parameters/parameterSet5.txt,900,999,24,1,0,0,20,0.500000,0,917,5,36,1770,307,1,0.000000,21.000000,17,15,2077,4274,0,100,0.526316,121,0.636842,0,195,13
inputs/inputGraph_order_20_density_0.50_id_2.txt,parameters/parameterSet7.txt,900,999,24,1,1,0,20,0.500000,0,1980,5,40,1848,435,1,0.000000,21.000000,760,764,2283,5340,0,100,0.526316,121,0.636842,0,195,13
inputs/inputGraph_order_20_density_0.50_id_3.txt,parameters/parameterSet1.txt,900,999,24,0,0,0,20,0.500000,0,669,9,66,2408,609,1,0.000000,22.000000,5,0,3017,2357,0,89,0.468421,111,0.584211,0,195,13
inputs/inputGraph_order_20_density_0.50_id_3.txt,parameters/parameterSet3.txt,900,999,24,0,1,0,20,0.500000,0,1321,8,48,2676,697,1,0.000000,22.000000,205,210,3373,1610,0,89,0.468421,111,0.584211,0,195,13
inputs/inputGraph_order_20_density_0.50_id_3.txt,parameters/parameterSet5.txt,900,999,24,1,0,0,20,0.500000,0,1108,10,80,2638,687,1,0.000000,22.000000,37,35,3325,2609,0,89,0.468421,111,0.584211,0,195,13
inputs/inputGraph_order_20_density_0.50_id_3.txt,parameters/parameterSet7.txt,900,999,24,1,1,0,20,0.500000,0,1900,6,44,2504,499,1,0.000000,22.000000,527,527,3003,3510,0,89,0.468421,111,0.584211,0,195,13
inputs/inputGraph_order_20_density_0.50_id_4.txt,parameters/parameterSet1.txt,900,999,24,0,0,0,20,0.500000,0,176,4,34,1628,178,1,0.000000,15.000000,3,0,1806,38,0,92,0.484211,107,0.563158,0,195,13
inputs/inputGraph_order_20_density_0.50_id_4.txt,parameters/parameterSet3.txt,900,999,24,0,1,0,20,0.500000,0,340,4,34,1633,174,1,0.000000,15.000000,9,6,1807,38,0,92,0.484211,107,0.563158,0,195,13
inputs/inputGraph_order_20_density_0.50_id_4.txt,parameters/parameterSet5.txt,900,999,24,1,0,0,20,0.500000,0,142,3,18,1407,63,1,0.000000,15.000000,9,7,1470,0,0,92,0.484211,107,0.563158,0,195,13
inputs/inputGraph_order_20_density_0.50_id_4.txt,parameters/parameterSet7.txt,900,999,24,1,1,0,20,0.500000,0,70,2,18,1407,63,1,0.000000,15.000000,11,9,1470,0,0,92,0.484211,107,0.563158,0,195,13
inputs/inputGraph_order_20_density_0.50_id_5.txt,parameters/parameterSet1.txt,900,999,24,0,0,0,20,0.500000,0,226,4,38,1479,356,1,0.000000,16.000000,4,0,1835,52,0,105,0.552632,121,0.636842,0,195,13
inputs/inputGraph_order_20_density_0.50_id_5.txt,parameters/parameterSet3.txt,900,999,24,0,1,0,20,0.500000,0,386,4,40,1450,354,1,0.000000,16.000000,14,10,1804,54,0,105,0.552632,121,0.636842,0,195,13
inputs/inputGraph_order_20_density_0.50_id_5.txt,parameters/parameterSet5.txt,900,999,24,1,0,0,20,0.500000,0,468,4,36,1506,346,1,0.000000,16.000000,18,15,1852,47,0,105,0.552632,121,0.636842,0,195,13
inputs/inputGraph_order_20_density_0.50_id_5.txt,parameters/parameterSet7.txt,900,999,24,1,1,0,20,0.500000,0,584,4,36,1506,346,1,0.000000,16.000000,26,23,1852,47,0,105,0.552632,121,0.636842,0,195,13
inputs/inputGraph_order_20_density_0.75_id_1.txt,parameters/parameterSet1.txt,900,999,24,0,0,0,20,0.750000,0,428,5,82,415,1095,1,0.000000,9.000000,8,0,1510,306,0,142,0.747368,151,0.794737,0,43,36
inputs/inputGraph_order_20_density_0.75_id_1.txt,parameters/parameterSet3.txt,900,999,24,0,1,0,20,0.750000,0,491,3,40,326,746,1,0.000000,9.000000,22,20,1072,179,0,142,0.747368,151,0.794737,0,43,36
inputs/inputGraph_order_20_density_0.75_id_1.txt,parameters/parameterSet5.txt,900,999,24,1,0,0,20,0.750000,0,512,4,58,371,874,1,0.000000,9.000000,29,25,1245,280,0,142,0.747368,151,0.794737,0,43,36
inputs/inputGraph_order_20_density_0.75_id_1.txt,parameters/parameterSet7.txt,900,999,24,1,1,0,20,0.750000,0,284,3,44,340,804,1,0.000000,9.000000,52,50,1144,223,0,142,0.747368,151,0.794737,0,43,36
inputs/inputGraph_order_20_density_0.75_id_2.txt,parameters/parameterSet1.txt,900,999,24,0,0,0,20,0.750000,0,973,2,28,627,611,1,0.000000,10.000000,2,0,1238,39,0,134,0.705263,144,0.757895,0,43,36
inputs/inputGraph_order_20_density_0.75_id_2.txt,parameters/parameterSet3.txt,900,999,24,0,1,0,20,0.750000,0,195,2,28,627,611,1,0.000000,10.000000,10,8,1238,43,0,134,0.705263,144,0.757895,0,43,36
inputs/inputGraph_order_20_density_0.75_id_2.txt,parameters/parameterSet5.txt,900,999,24,1,0,0,20,0.750000,0,421,2,28,627,611,1,0.000000,10.000000,14,12,1238,41,0,134,0.705263,144,0.757895,0,43,36
inputs/inputGraph_order_20_density_0.75_id_2.txt,parameters/parameterSet7.txt,900,999,24,1,1,0,20,0.750000,0,443,2,28,627,611,1,0.000000,10.000000,22,20,1238,43,0,134,0.705263,144,0.757895,0,43,36
inputs/inputGraph_order_20_density_0.75_id_3.txt,parameters/parameterSet1.txt,900,999,24,0,0,0,20,0.750000,0,310,2,32,509,234,1,0.000000,10.000000,2,0,743,25,0,134,0.705263,144,0.757895,0,43,36
inputs/inputGraph_order_20_density_0.75_id_3.txt,parameters/parameterSet3.txt,900,999,24,0,1,0,20,0.750000,0,684,2,32,509,234,1,0.000000,10.000000,8,6,743,25,0,134,0.705263,144,0.757895,0,43,36
inputs/inputGraph_order_20_density_0.75_id_3.txt,parameters/parameterSet5.txt,900,999,24,1,0,0,20,0.750000,0,903,2,32,511,234,1,0.000000,10.000000,16,15,745,25,0,134,0.705263,144,0.757895,0,43,36
inputs/inputGraph_order_20_density_0.75_id_3.txt,parameters/parameterSet7.txt,900,999,24,1,1,0,20,0.750000,0,1075,2,32,511,234,1,0.000000,10.000000,22,21,745,25,0,134,0.705263,144,0.757895,0,43,36
inputs/inputGraph_order_20_density_0.75_id_4.txt,parameters/parameterSet1.txt,900,999,24,0,0,0,20,0.750000,0,530,6,74,730,369,1,0.000000,12.000000,8,0,1099,233,0,133,0.700000,145,0.763158,0,43,36
inputs/inputGraph_order_20_density_0.75_id_4.txt,parameters/parameterSet3.txt,900,999,24,0,1,0,20,0.750000,0,423,7,80,726,388,1,0.000000,12.000000,48,40,1114,263,0,133,0.700000,145,0.763158,0,43,36
inputs/inputGraph_order_20_density_0.75_id_4.txt,parameters/parameterSet5.txt,900,999,24,1,0,0,20,0.750000,0,416,5,72,799,405,1,0.000000,12.000000,36,29,1204,275,0,133,0.700000,145,0.763158,0,43,36
inputs/inputGraph_order_20_density_0.75_id_4.txt,parameters/parameterSet7.txt,900,999,24,1,1,0,20,0.750000,0,719,9,72,799,405,1,0.000000,12.000000,78,71,1204,263,0,133,0.700000,145,0.763158,0,43,36
inputs/inputGraph_order_20_density_0.75_id_5.txt,parameters/parameterSet1.txt,900,999,24,0,0,0,20,0.750000,0,284,2,44,227,145,1,0.000000,7.000000,2,0,372,0,0,145,0.763158,152,0.800000,0,43,36
inputs/inputGraph_order_20_density_0.75_id_5.txt,parameters/parameterSet3.txt,900,999,24,0,1,0,20,0.750000,0,129,1,44,227,145,1,0.000000,7.000000,6,4,372,0,0,145,0.763158,152,0.800000,0,43,36
inputs/inputGraph_order_20_density_0.75_id_5.txt,parameters/parameterSet5.txt,900,999,24,1,0,0,20,0.750000,0,755,1,20,200,105,1,0.000000,7.000000,10,9,305,0,0,145,0.763158,152,0.800000,0,43,36
inputs/inputGraph_order_20_density_0.75_id_5.txt,parameters/parameterSet7.txt,900,999,24,1,1,0,20,0.750000,0,222,1,20,200,105,1,0.000000,7.000000,12,11,305,0,0,145,0.763158,152,0.800000,0,43,36
inputs/inputGraph_order_25_density_0.25_id_1.txt,parameters/parameterSet1.txt,900,999,24,0,0,0,25,0.250000,0,176,12,70,2338,16,1,0.000000,19.000000,5,0,2354,359,0,71,0.236667,90,0.300000,0,408,0
inputs/inputGraph_order_25_density_0.25_id_1.txt,parameters/parameterSet3.txt,900,999,24,0,1,0,25,0.250000,0,870,21,72,2456,29,1,0.000000,19.000000,60,55,2485,359,0,71,0.236667,90,0.300000,0,408,0
inputs/inputGraph_order_25_density_0.25_id_1.txt,parameters/parameterSet5.txt,900,999,24,1,0,0,25,0.250000,0,1000,24,74,2575,37,1,0.000000,19.000000,31,33,2612,360,0,71,0.236667,90,0.300000,0,408,0
inputs/inputGraph_order_25_density_0.25_id_1.txt,parameters/parameterSet7.txt,900,999,24,1,1,0,25,0.250000,0,849,18,76,2503,29,1,0.000000,19.000000,86,84,2532,359,0,71,0.236667,90,0.300000,0,408,0
inputs/inputGraph_order_25_density_0.25_id_2.txt,parameters/parameterSet1.txt,900,999,24,0,0,0,25,0.250000,0,725,29,88,3505,45,1,0.000000,20.000000,5,0,3550,899,0,65,0.216667,85,0.283333,0,408,0
inputs/inputGraph_order_25_density_0.25_id_2.txt,parameters/parameterSet3.txt,900,999,24,0,1,0,25,0.250000,0,1762,32,142,4255,68,1,0.000000,20.000000,178,173,4323,1126,0,65,0.216667,85,0.283333,0,408,0
inputs/inputGraph_order_25_density_0.25_id_2.txt,parameters/parameterSet5.txt,900,999,24,1,0,0,25,0.250000,0,864,18,74,3165,25,1,0.000000,20.000000,37,34,3190,925,0,65,0.216667,85,0.283333,0,408,0
inputs/inputGraph_order_25_density_0.25_id_2.txt,parameters/parameterSet7.txt,900,999,24,1,1,0,25,0.250000,0,1168,14,74,3165,25,1,0.000000,20.000000,138,139,3190,925,0,65,0.216667,85,0.283333,0,408,0
inputs/inputGraph_order_25_density_0.25_id_3.txt,parameters/parameterSet1.txt,900,999,24,0,0,0,25,0.250000,0,1602,52,98,6662,299,1,0.000000,32.000000,9,0,6961,4437,0,86,0.286667,118,0.393333,0,408,0
inputs/inputGraph_order_25_density_0.25_id_3.txt,parameters/parameterSet3.txt,900,999,24,0,1,0,25,0.250000,0,6698,26,72,6237,245,1,0.000000,32.000000,483,652,6482,4548,0,86,0.286667,118,0.393333,0,408,0
inputs/inputGraph_order_25_density_0.25_id_3.txt,parameters/parameterSet5.txt,900,999,24,1,0,0,25,0.250000,0,2895,23,72,6935,352,1,0.000000,32.000000,24,32,7287,9760,0,86,0.286667,118,0.393333,0,408,0
inputs/inputGraph_order_25_density_0.25_id_3.txt,parameters/parameterSet7.txt,900,999,24,1,1,0,25,0.250000,0,6001,15,40,5672,195,1,0.000000,32.000000,409,525,5867,4409,0,86,0.286667,118,0.393333,0,408,0
inputs/inputGraph_order_25_density_0.25_id_4.txt,parameters/parameterSet1.txt,900,999,24,0,0,0,25,0.250000,0,2796,64,130,9832,309,1,0.000000,30.000000,6,0,10141,4575,0,75,0.250000,105,0.350000,0,408,0
inputs/inputGraph_order_25_density_0.25_id_4.txt,parameters/parameterSet3.txt,900,999,24,0,1,0,25,0.250000,0,5887,49,90,8733,113,1,0.000000,30.000000,392,466,8846,3002,0,75,0.250000,105,0.350000,0,408,0
inputs/inputGraph_order_25_density_0.25_id_4.txt,parameters/parameterSet5.txt,900,999,24,1,0,0,25,0.250000,0,2332,29,76,8557,69,1,0.000000,30.000000,29,35,8626,3661,0,75,0.250000,105,0.350000,0,408,0
inputs/inputGraph_order_25_density_0.25_id_4.txt,parameters/parameterSet7.txt,900,999,24,1,1,0,25,0.250000,0,9401,39,120,10467,116,1,0.000000,30.000000,830,963,10583,5476,0,75,0.250000,105,0.350000,0,408,0
inputs/inputGraph_order_25_density_0.25_id_5.txt,parameters/parameterSet1.txt,900,999,24,0,0,0,25,0.250000,0,275,53,54,3850,6,1,0.000000,20.000000,8,0,3856,141,0,67,0.223333,87,0.290000,0,408,0
inputs/inputGraph_order_25_density_0.25_id_5.txt,parameters/parameterSet3.txt,900,999,24,0,1,0,25,0.250000,0,643,33,64,4657,25,1,0.000000,20.000000,27,24,4682,151,0,67,0.223333,87,0.290000,0,408,0
inputs/inputGraph_order_25_density_0.25_id_5.txt,parameters/parameterSet5.txt,900,999,24,1,0,0,25,0.250000,0,887,14,48,3741,3,1,0.000000,20.000000,21,20,3744,147,0,67,0.223333,87,0.290000,0,408,0
inputs/inputGraph_order_25_density_0.25_id_5.txt,parameters/parameterSet7.txt,900,999,24,1,1,0,25,0.250000,0,763,17,56,4311,11,1,0.000000,20.000000,41,46,4322,139,0,67,0.223333,87,0.290000,0,408,0
inputs/inputGraph_order_25_density_0.50_id_1.txt,parameters/parameterSet1.txt,900,999,24,0,0,0,25,0.500000,0,105192,89,190,11202,5554,1,0.000000,37.000000,10,0,16756,425376,0,140,0.466667,177,0.590000,0,705,83
inputs/inputGraph_order_25_density_0.50_id_1.txt,parameters/parameterSet3.txt,900,999,24,0,1,0,25,0.500000,0,202843,60,80,11004,5005,1,0.000000,37.000000,32232,32990,16009,223338,0,140,0.466667,177,0.590000,0,705,83
inputs/inputGraph_order_25_density_0.50_id_1.txt,parameters/parameterSet5.txt,900,999,24,1,0,0,25,0.500000,0,34462,44,104,8923,3557,1,0.000000,37.000000,38,46,12480,82314,0,140,0.466667,177,0.590000,0,705,83
inputs/inputGraph_order_25_density_0.50_id_1.txt,parameters/parameterSet7.txt,900,999,24,1,1,0,25,0.500000,0,82276,30,46,7828,2711,1,0.000000,37.000000,12354,12724,10539,117960,0,140,0.466667,177,0.590000,0,705,83
inputs/inputGraph_order_25_density_0.50_id_2.txt,parameters/parameterSet1.txt,900,999,24,0,0,0,25,0.500000,0,481284,90,206,12200,8772,1,0.000000,38.000000,8,0,20972,925959,0,152,0.506667,190,0.633333,0,705,83
inputs/inputGraph_order_25_density_0.50_id_2.txt,parameters/parameterSet3.txt,900,999,24,0,1,0,25,0.500000,0,900746,62,80,10524,5712,0,0.055396,38.000000,194044,197962,16236,1372159,498433,152,0.506667,190,0.633333,0,705,83
inputs/inputGraph_order_25_density_0.50_id_2.txt,parameters/parameterSet5.txt,900,999,24,1,0,0,25,0.500000,0,762260,51,106,12835,7666,1,0.000000,38.000000,42,50,20501,1158761,0,152,0.506667,190,0.633333,0,705,83
inputs/inputGraph_order_25_density_0.50_id_2.txt,parameters/parameterSet7.txt,900,999,24,1,1,0,25,0.500000,0,900820,38,80,10524,5712,0,0.055310,38.000000,194425,198400,16236,1376643,499096,152,0.506667,190,0.633333,0,705,83
inputs/inputGraph_order_25_density_0.50_id_3.txt,parameters/parameterSet1.txt,900,999,24,0,0,0,25,0.500000,0,9710,53,92,7160,2151,1,0.000000,33.000000,4,0,9311,40490,0,139,0.463333,172,0.573333,0,705,83
inputs/inputGraph_order_25_density_0.50_id_3.txt,parameters/parameterSet3.txt,900,999,24,0,1,0,25,0.500000,0,17221,46,84,7576,2767,1,0.000000,33.000000,2349,2422,10343,18059,0,139,0.463333,172,0.573333,0,705,83
inputs/inputGraph_order_25_density_0.50_id_3.txt,parameters/parameterSet5.txt,900,999,24,1,0,0,25,0.500000,0,6960,55,108,7685,2745,1,0.000000,33.000000,45,49,10430,20347,0,139,0.463333,172,0.573333,0,705,83
inputs/inputGraph_order_25_density_0.50_id_3.txt,parameters/parameterSet7.txt,900,999,24,1,1,0,25,0.500000,0,20063,32,96,6765,2114,1,0.000000,33.000000,2959,3051,8879,23581,0,139,0.463333,172,0.573333,0,705,83
inputs/inputGraph_order_25_density_0.50_id_4.txt,parameters/parameterSet1.txt,900,999,24,0,0,0,25,0.500000,0,901836,145,292,11907,17226,0,0.080437,39.000000,10,0,29133,2106838,1111907,158,0.526667,197,0.656667,0,705,83
inputs/inputGraph_order_25_density_0.50_id_4.txt,parameters/parameterSet3.txt,900,999,24,0,1,0,25,0.500000,0,901754,35,62,8260,6771,0,0.126307,40.000000,144675,149852,15031,849750,554559,158,0.526667,198,0.660000,0,705,83
inputs/inputGraph_order_25_density_0.50_id_4.txt,parameters/parameterSet5.txt,900,999,24,1,0,0,25,0.500000,0,901791,62,116,9227,8383,0,0.079774,39.000000,39,55,17610,2094755,1159564,158,0.526667,197,0.656667,0,705,83
inputs/inputGraph_order_25_density_0.50_id_4.txt,parameters/parameterSet7.txt,900,999,24,1,1,0,25,0.500000,0,901626,31,62,8260,6771,0,0.126284,40.000000,144904,150092,15031,850890,555378,158,0.526667,198,0.660000,0,705,83
inputs/inputGraph_order_25_density_0.50_id_5.txt,parameters/parameterSet1.txt,900,999,24,0,0,0,25,0.500000,0,324054,71,214,7638,5910,1,0.000000,35.000000,11,0,13548,781801,0,156,0.520000,191,0.636667,0,705,83
inputs/inputGraph_order_25_density_0.50_id_5.txt,parameters/parameterSet3.txt,900,999,24,0,1,0,25,0.500000,0,389077,46,64,6496,3574,1,0.000000,35.000000,79576,82074,10070,782537,0,156,0.520000,191,0.636667,0,705,83
inputs/inputGraph_order_25_density_0.50_id_5.txt,parameters/parameterSet5.txt,900,999,24,1,0,0,25,0.500000,0,190200,63,164,9049,7055,1,0.000000,35.000000,69,78,16104,805469,0,156,0.520000,191,0.636667,0,705,83
inputs/inputGraph_order_25_density_0.50_id_5.txt,parameters/parameterSet7.txt,900,999,24,1,1,0,25,0.500000,0,388198,27,64,6496,3574,1,0.000000,35.000000,79600,82104,10070,782537,0,156,0.520000,191,0.636667,0,705,83
inputs/inputGraph_order_25_density_0.75_id_1.txt,parameters/parameterSet1.txt,900,999,24,0,0,0,25,0.750000,0,632,25,62,1247,2843,1,0.000000,18.000000,5,0,4090,5092,0,222,0.740000,240,0.800000,0,147,260
inputs/inputGraph_order_25_density_0.75_id_1.txt,parameters/parameterSet3.txt,900,999,24,0,1,0,25,0.750000,0,3997,33,72,1353,3305,1,0.000000,18.000000,1383,1382,4658,10076,0,222,0.740000,240,0.800000,0,147,260
inputs/inputGraph_order_25_density_0.75_id_1.txt,parameters/parameterSet5.txt,900,999,24,1,0,0,25,0.750000,0,1400,37,78,1249,3215,1,0.000000,18.000000,38,35,4464,11416,0,222,0.740000,240,0.800000,0,147,260
inputs/inputGraph_order_25_density_0.75_id_1.txt,parameters/parameterSet7.txt,900,999,24,1,1,0,25,0.750000,0,3834,27,74,1362,3455,1,0.000000,18.000000,1419,1418,4817,10076,0,222,0.740000,240,0.800000,0,147,260
inputs/inputGraph_order_25_density_0.75_id_2.txt,parameters/parameterSet1.txt,900,999,24,0,0,0,25,0.750000,0,333,47,76,507,2297,1,0.000000,13.000000,6,0,2804,897,0,240,0.800000,253,0.843333,0,147,260
inputs/inputGraph_order_25_density_0.75_id_2.txt,parameters/parameterSet3.txt,900,999,24,0,1,0,25,0.750000,0,437,21,34,515,2128,1,0.000000,13.000000,102,100,2643,772,0,240,0.800000,253,0.843333,0,147,260
inputs/inputGraph_order_25_density_0.75_id_2.txt,parameters/parameterSet5.txt,900,999,24,1,0,0,25,0.750000,0,491,18,40,551,2053,1,0.000000,13.000000,20,18,2604,880,0,240,0.800000,253,0.843333,0,147,260
inputs/inputGraph_order_25_density_0.75_id_2.txt,parameters/parameterSet7.txt,900,999,24,1,1,0,25,0.750000,0,390,6,32,546,1967,1,0.000000,13.000000,90,89,2513,747,0,240,0.800000,253,0.843333,0,147,260
inputs/inputGraph_order_25_density_0.75_id_3.txt,parameters/parameterSet1.txt,900,999,24,0,0,0,25,0.750000,0,215,17,44,584,2228,1,0.000000,11.000000,4,0,2812,110,0,240,0.800000,251,0.836667,0,147,260
inputs/inputGraph_order_25_density_0.75_id_3.txt,parameters/parameterSet3.txt,900,999,24,0,1,0,25,0.750000,0,385,16,38,745,2620,1,0.000000,11.000000,36,32,3365,164,0,240,0.800000,251,0.836667,0,147,260
inputs/inputGraph_order_25_density_0.75_id_3.txt,parameters/parameterSet5.txt,900,999,24,1,0,0,25,0.750000,0,457,13,58,801,2833,1,0.000000,11.000000,29,18,3634,133,0,240,0.800000,251,0.836667,0,147,260
inputs/inputGraph_order_25_density_0.75_id_3.txt,parameters/parameterSet7.txt,900,999,24,1,1,0,25,0.750000,0,908,17,58,801,2833,1,0.000000,11.000000,47,36,3634,133,0,240,0.800000,251,0.836667,0,147,260
inputs/inputGraph_order_25_density_0.75_id_4.txt,parameters/parameterSet1.txt,900,999,24,0,0,0,25,0.750000,0,448,11,40,995,1685,1,0.000000,16.000000,2,0,2680,1716,0,226,0.753333,242,0.806667,0,147,260
inputs/inputGraph_order_25_density_0.75_id_4.txt,parameters/parameterSet3.txt,900,999,24,0,1,0,25,0.750000,0,1009,16,50,993,1553,1,0.000000,16.000000,194,192,2546,1642,0,226,0.753333,242,0.806667,0,147,260
inputs/inputGraph_order_25_density_0.75_id_4.txt,parameters/parameterSet5.txt,900,999,24,1,0,0,25,0.750000,0,1070,24,68,1010,1813,1,0.000000,16.000000,34,29,2823,2767,0,226,0.753333,242,0.806667,0,147,260
inputs/inputGraph_order_25_density_0.75_id_4.txt,parameters/parameterSet7.txt,900,999,24,1,1,0,25,0.750000,0,977,14,60,1011,1713,1,0.000000,16.000000,240,238,2724,1740,0,226,0.753333,242,0.806667,0,147,260
inputs/inputGraph_order_25_density_0.75_id_5.txt,parameters/parameterSet1.txt,900,999,24,0,0,0,25,0.750000,0,1008,65,58,2633,3835,1,0.000000,23.000000,5,0,6468,4454,0,209,0.696667,232,0.773333,0,147,260
inputs/inputGraph_order_25_density_0.75_id_5.txt,parameters/parameterSet3.txt,900,999,24,0,1,0,25,0.750000,0,11246,51,80,3193,5500,1,0.000000,23.000000,2552,2554,8693,19546,0,209,0.696667,232,0.773333,0,147,260
inputs/inputGraph_order_25_density_0.75_id_5.txt,parameters/parameterSet5.txt,900,999,24,1,0,0,25,0.750000,0,3106,46,110,3163,5769,1,0.000000,23.000000,55,48,8932,15269,0,209,0.696667,232,0.773333,0,147,260
inputs/inputGraph_order_25_density_0.75_id_5.txt,parameters/parameterSet7.txt,900,999,24,1,1,0,25,0.750000,0,8958,33,74,3040,5549,1,0.000000,23.000000,2015,2014,8589,13489,0,209,0.696667,232,0.773333,0,147,260
inputs/inputGraph_order_30_density_0.25_id_1.txt,parameters/parameterSet1.txt,900,999,24,0,0,0,30,0.250000,0,21327,292,308,58626,6142,1,0.000000,42.000000,7,0,64768,12107,0,96,0.220690,138,0.317241,0,1737,0
inputs/inputGraph_order_30_density_0.25_id_1.txt,parameters/parameterSet3.txt,900,999,24,0,1,0,30,0.250000,0,25045,264,230,66712,250,1,0.000000,42.000000,361,472,66962,3536,0,96,0.220690,138,0.317241,0,1737,0
inputs/inputGraph_order_30_density_0.25_id_1.txt,parameters/parameterSet5.txt,900,999,24,1,0,0,30,0.250000,0,23363,197,216,58307,440,1,0.000000,42.000000,67,101,58747,7917,0,96,0.220690,138,0.317241,0,1737,0
inputs/inputGraph_order_30_density_0.25_id_1.txt,parameters/parameterSet7.txt,900,999,24,1,1,0,30,0.250000,0,72460,154,192,43273,491,1,0.000000,42.000000,1394,2021,43764,10372,0,96,0.220690,138,0.317241,0,1737,0
inputs/inputGraph_order_30_density_0.25_id_2.txt,parameters/parameterSet1.txt,900,999,24,0,0,0,30,0.250000,0,900894,503,490,86458,14202,0,0.082412,51.000000,12,0,100660,67069,14703,113,0.259770,164,0.377011,0,1737,0
inputs/inputGraph_order_30_density_0.25_id_2.txt,parameters/parameterSet3.txt,900,999,24,0,1,0,30,0.250000,0,455231,160,146,34272,1173,1,0.000000,50.000000,10396,14860,35445,110087,0,113,0.259770,163,0.374713,0,1737,0
inputs/inputGraph_order_30_density_0.25_id_2.txt,parameters/parameterSet5.txt,900,999,24,1,0,0,30,0.250000,0,362633,231,320,55730,2868,1,0.000000,50.000000,47,148,58598,112803,0,113,0.259770,163,0.374713,0,1737,0
inputs/inputGraph_order_30_density_0.25_id_2.txt,parameters/parameterSet7.txt,900,999,24,1,1,0,30,0.250000,0,668510,113,116,32051,959,1,0.000000,50.000000,17372,26025,33010,175991,0,113,0.259770,163,0.374713,0,1737,0
inputs/inputGraph_order_30_density_0.25_id_3.txt,parameters/parameterSet1.txt,900,999,24,0,0,0,30,0.250000,0,137065,268,362,39680,4073,1,0.000000,47.000000,8,0,43753,59169,0,104,0.239080,151,0.347126,0,1737,0
inputs/inputGraph_order_30_density_0.25_id_3.txt,parameters/parameterSet3.txt,900,999,24,0,1,0,30,0.250000,0,239352,139,140,28839,745,1,0.000000,47.000000,8128,10606,29584,93911,0,104,0.239080,151,0.347126,0,1737,0
inputs/inputGraph_order_30_density_0.25_id_3.txt,parameters/parameterSet5.txt,900,999,24,1,0,0,30,0.250000,0,63571,131,178,28288,1034,1,0.000000,47.000000,29,87,29322,54968,0,104,0.239080,151,0.347126,0,1737,0
inputs/inputGraph_order_30_density_0.25_id_3.txt,parameters/parameterSet7.txt,900,999,24,1,1,0,30,0.250000,0,255553,117,172,28020,818,1,0.000000,47.000000,7672,10157,28838,82528,0,104,0.239080,151,0.347126,0,1737,0
inputs/inputGraph_order_30_density_0.25_id_4.txt,parameters/parameterSet1.txt,900,999,24,0,0,0,30,0.250000,0,5606,134,90,25526,88,1,0.000000,36.000000,6,0,25614,4139,0,89,0.204598,125,0.287356,0,1737,0
inputs/inputGraph_order_30_density_0.25_id_4.txt,parameters/parameterSet3.txt,900,999,24,0,1,0,30,0.250000,0,11138,51,30,14054,30,1,0.000000,36.000000,294,338,14084,3169,0,89,0.204598,125,0.287356,0,1737,0
inputs/inputGraph_order_30_density_0.25_id_4.txt,parameters/parameterSet5.txt,900,999,24,1,0,0,30,0.250000,0,11440,90,94,24923,266,1,0.000000,36.000000,25,41,25189,4791,0,89,0.204598,125,0.287356,0,1737,0
inputs/inputGraph_order_30_density_0.25_id_4.txt,parameters/parameterSet7.txt,900,999,24,1,1,0,30,0.250000,0,29185,92,112,24724,223,1,0.000000,36.000000,522,763,24947,4538,0,89,0.204598,125,0.287356,0,1737,0
inputs/inputGraph_order_30_density_0.25_id_5.txt,parameters/parameterSet1.txt,900,999,24,0,0,0,30,0.250000,0,6521,109,112,20569,791,1,0.000000,39.000000,3,0,21360,4723,0,95,0.218391,134,0.308046,0,1737,0
inputs/inputGraph_order_30_density_0.25_id_5.txt,parameters/parameterSet3.txt,900,999,24,0,1,0,30,0.250000,0,105559,169,208,35757,498,1,0.000000,39.000000,2350,3658,36255,20724,0,95,0.218391,134,0.308046,0,1737,0
inputs/inputGraph_order_30_density_0.25_id_5.txt,parameters/parameterSet5.txt,900,999,24,1,0,0,30,0.250000,0,20629,119,142,30044,555,1,0.000000,39.000000,28,67,30599,14129,0,95,0.218391,134,0.308046,0,1737,0
inputs/inputGraph_order_30_density_0.25_id_5.txt,parameters/parameterSet7.txt,900,999,24,1,1,0,30,0.250000,0,52548,76,102,23620,328,1,0.000000,39.000000,1271,1772,23948,10058,0,95,0.218391,134,0.308046,0,1737,0
inputs/inputGraph_order_30_density_0.50_id_1.txt,parameters/parameterSet1.txt,900,999,24,0,0,0,30,0.500000,0,900971,412,322,37387,72394,0,0.333458,71.000000,8,0,109781,90451,57510,225,0.517241,296,0.680460,0,2023,353
inputs/inputGraph_order_30_density_0.50_id_1.txt,parameters/parameterSet3.txt,900,999,24,0,1,0,30,0.500000,0,901161,138,60,21757,22590,0,0.258821,65.000000,28605,33638,44347,176123,143156,225,0.517241,290,0.666667,0,2023,353
inputs/inputGraph_order_30_density_0.50_id_1.txt,parameters/parameterSet5.txt,900,999,24,1,0,0,30,0.500000,0,901357,245,216,29100,46409,0,0.303394,69.000000,32,102,75509,124983,91324,225,0.517241,294,0.675862,0,2023,353
inputs/inputGraph_order_30_density_0.50_id_1.txt,parameters/parameterSet7.txt,900,999,24,1,1,0,30,0.500000,0,901317,98,60,21757,22590,0,0.258823,65.000000,28641,33701,44347,176130,143156,225,0.517241,290,0.666667,0,2023,353
inputs/inputGraph_order_30_density_0.50_id_2.txt,parameters/parameterSet1.txt,900,999,24,0,0,0,30,0.500000,0,900876,352,258,40464,58778,0,0.466961,92.000000,4,0,99242,67269,49591,205,0.471264,297,0.682759,0,2023,353
inputs/inputGraph_order_30_density_0.50_id_2.txt,parameters/parameterSet3.txt,900,999,24,0,1,0,30,0.500000,0,901287,158,66,27953,21596,0,0.304766,74.000000,16200,22954,49549,119473,95725,205,0.471264,279,0.641379,0,2023,353
inputs/inputGraph_order_30_density_0.50_id_2.txt,parameters/parameterSet5.txt,900,999,24,1,0,0,30,0.500000,0,901394,136,96,28552,25827,0,0.359699,82.000000,15,46,54379,203344,179435,205,0.471264,287,0.659770,0,2023,353
inputs/inputGraph_order_30_density_0.50_id_2.txt,parameters/parameterSet7.txt,900,999,24,1,1,0,30,0.500000,0,901271,106,66,27953,21596,0,0.304768,74.000000,16201,22975,49549,119412,95676,205,0.471264,279,0.641379,0,2023,353
inputs/inputGraph_order_30_density_0.50_id_3.txt,parameters/parameterSet1.txt,900,999,24,0,0,0,30,0.500000,0,900813,476,364,45963,109748,0,0.463043,92.000000,7,0,155711,40055,22050,204,0.468966,296,0.680460,0,2023,353
inputs/inputGraph_order_30_density_0.50_id_3.txt,parameters/parameterSet3.txt,900,999,24,0,1,0,30,0.500000,0,901045,97,50,28351,23924,0,0.333959,78.000000,14169,22034,52275,114083,90997,204,0.468966,282,0.648276,0,2023,353
inputs/inputGraph_order_30_density_0.50_id_3.txt,parameters/parameterSet5.txt,900,999,24,1,0,0,30,0.500000,0,900825,323,244,38722,72372,0,0.498220,99.000000,15,120,111094,51934,38836,204,0.468966,303,0.696552,0,2023,353
inputs/inputGraph_order_30_density_0.50_id_3.txt,parameters/parameterSet7.txt,900,999,24,1,1,0,30,0.500000,0,901081,92,50,28351,23924,0,0.333959,78.000000,14131,22044,52275,114015,90929,204,0.468966,282,0.648276,0,2023,353
inputs/inputGraph_order_30_density_0.50_id_4.txt,parameters/parameterSet1.txt,900,999,24,0,0,0,30,0.500000,0,900801,336,348,34768,69259,0,0.420897,81.000000,11,0,104027,59937,38232,220,0.505747,301,0.691954,0,2023,353
inputs/inputGraph_order_30_density_0.50_id_4.txt,parameters/parameterSet3.txt,900,999,24,0,1,0,30,0.500000,0,901083,109,44,23639,16393,0,0.237890,66.000000,30346,32890,40032,172713,139730,220,0.505747,286,0.657471,0,2023,353
inputs/inputGraph_order_30_density_0.50_id_4.txt,parameters/parameterSet5.txt,900,999,24,1,0,0,30,0.500000,0,901433,201,162,33705,41643,0,0.331975,74.000000,26,79,75348,133096,105923,220,0.505747,294,0.675862,0,2023,353
inputs/inputGraph_order_30_density_0.50_id_4.txt,parameters/parameterSet7.txt,900,999,24,1,1,0,30,0.500000,0,901139,76,44,23639,16393,0,0.237974,66.000000,30219,32786,40032,172265,139289,220,0.505747,286,0.657471,0,2023,353
inputs/inputGraph_order_30_density_0.50_id_5.txt,parameters/parameterSet1.txt,900,999,24,0,0,0,30,0.500000,0,900618,470,348,37226,116350,0,0.452174,84.000000,5,0,153576,35208,19336,219,0.503448,303,0.696552,0,2023,353
inputs/inputGraph_order_30_density_0.50_id_5.txt,parameters/parameterSet3.txt,900,999,24,0,1,0,30,0.500000,0,901312,156,64,29047,30745,0,0.357577,77.000000,15141,22360,59792,116290,94698,219,0.503448,296,0.680460,0,2023,353
inputs/inputGraph_order_30_density_0.50_id_5.txt,parameters/parameterSet5.txt,900,999,24,1,0,0,30,0.500000,0,900913,236,164,31090,67705,0,0.491019,93.000000,11,81,98795,74728,60271,219,0.503448,312,0.717241,0,2023,353
inputs/inputGraph_order_30_density_0.50_id_5.txt,parameters/parameterSet7.txt,900,999,24,1,1,0,30,0.500000,0,901127,108,64,29047,30745,0,0.357634,77.000000,15140,22345,59792,116050,94471,219,0.503448,296,0.680460,0,2023,353
inputs/inputGraph_order_30_density_0.75_id_1.txt,parameters/parameterSet1.txt,900,999,24,0,0,0,30,0.750000,0,34957,84,60,2660,10548,1,0.000000,27.000000,3,0,13208,192458,0,330,0.758621,357,0.820690,0,396,1341
inputs/inputGraph_order_30_density_0.75_id_1.txt,parameters/parameterSet3.txt,900,999,24,0,1,0,30,0.750000,0,58760,82,80,2826,12691,1,0.000000,27.000000,9750,9780,15517,87864,0,330,0.758621,357,0.820690,0,396,1341
inputs/inputGraph_order_30_density_0.75_id_1.txt,parameters/parameterSet5.txt,900,999,24,1,0,0,30,0.750000,0,18647,67,78,2587,11104,1,0.000000,27.000000,37,36,13691,94724,0,330,0.758621,357,0.820690,0,396,1341
inputs/inputGraph_order_30_density_0.75_id_1.txt,parameters/parameterSet7.txt,900,999,24,1,1,0,30,0.750000,0,59498,57,80,2826,12691,1,0.000000,27.000000,9786,9816,15517,87864,0,330,0.758621,357,0.820690,0,396,1341
inputs/inputGraph_order_30_density_0.75_id_2.txt,parameters/parameterSet1.txt,900,999,24,0,0,0,30,0.750000,0,206325,176,152,8185,27062,1,0.000000,34.000000,12,0,35247,356517,0,310,0.712644,344,0.790805,0,396,1341
inputs/inputGraph_order_30_density_0.75_id_2.txt,parameters/parameterSet3.txt,900,999,24,0,1,0,30,0.750000,0,457232,144,86,8456,26622,1,0.000000,34.000000,38316,38350,35078,355594,0,310,0.712644,344,0.790805,0,396,1341
inputs/inputGraph_order_30_density_0.75_id_2.txt,parameters/parameterSet5.txt,900,999,24,1,0,0,30,0.750000,0,706514,161,130,9397,32277,1,0.000000,34.000000,55,56,41674,935085,0,310,0.712644,344,0.790805,0,396,1341
inputs/inputGraph_order_30_density_0.75_id_2.txt,parameters/parameterSet7.txt,900,999,24,1,1,0,30,0.750000,0,455011,93,86,8456,26622,1,0.000000,34.000000,38350,38387,35078,355594,0,310,0.712644,344,0.790805,0,396,1341
inputs/inputGraph_order_30_density_0.75_id_3.txt,parameters/parameterSet1.txt,900,999,24,0,0,0,30,0.750000,0,579215,187,166,7532,39445,1,0.000000,33.000000,14,0,46977,742441,0,315,0.724138,348,0.800000,0,396,1341
inputs/inputGraph_order_30_density_0.75_id_3.txt,parameters/parameterSet3.txt,900,999,24,0,1,0,30,0.750000,0,556708,122,88,6674,33177,1,0.000000,33.000000,52627,52660,39851,382190,0,315,0.724138,348,0.800000,0,396,1341
inputs/inputGraph_order_30_density_0.75_id_3.txt,parameters/parameterSet5.txt,900,999,24,1,0,0,30,0.750000,0,211554,160,116,6599,30702,1,0.000000,33.000000,50,48,37301,163067,0,315,0.724138,348,0.800000,0,396,1341
inputs/inputGraph_order_30_density_0.75_id_3.txt,parameters/parameterSet7.txt,900,999,24,1,1,0,30,0.750000,0,557676,105,88,6674,33177,1,0.000000,33.000000,52663,52697,39851,382190,0,315,0.724138,348,0.800000,0,396,1341
inputs/inputGraph_order_30_density_0.75_id_4.txt,parameters/parameterSet1.txt,900,999,24,0,0,0,30,0.750000,0,295657,388,98,7165,44016,1,0.000000,33.000000,6,0,51181,149166,0,314,0.721839,347,0.797701,0,396,1341
inputs/inputGraph_order_30_density_0.75_id_4.txt,parameters/parameterSet3.txt,900,999,24,0,1,0,30,0.750000,0,605516,176,82,6955,37118,1,0.000000,33.000000,27907,28070,44073,262307,0,314,0.721839,347,0.797701,0,396,1341
inputs/inputGraph_order_30_density_0.75_id_4.txt,parameters/parameterSet5.txt,900,999,24,1,0,0,30,0.750000,0,390412,159,72,6265,33465,1,0.000000,33.000000,34,31,39730,363892,0,314,0.721839,347,0.797701,0,396,1341
inputs/inputGraph_order_30_density_0.75_id_4.txt,parameters/parameterSet7.txt,900,999,24,1,1,0,30,0.750000,0,607368,131,82,6955,37118,1,0.000000,33.000000,27941,28106,44073,262307,0,314,0.721839,347,0.797701,0,396,1341
inputs/inputGraph_order_30_density_0.75_id_5.txt,parameters/parameterSet1.txt,900,999,24,0,0,0,30,0.750000,0,901014,217,238,6094,43140,0,0.071940,34.000000,11,0,49234,1690987,709061,311,0.714943,345,0.793103,0,396,1341
inputs/inputGraph_order_30_density_0.75_id_5.txt,parameters/parameterSet3.txt,900,999,24,0,1,0,30,0.750000,0,900607,143,90,5496,31435,0,0.067865,34.000000,65619,65692,36931,453710,158149,311,0.714943,345,0.793103,0,396,1341
inputs/inputGraph_order_30_density_0.75_id_5.txt,parameters/parameterSet5.txt,900,999,24,1,0,0,30,0.750000,0,901781,138,120,5397,32837,0,0.088240,34.000000,56,57,38234,1884453,1015795,311,0.714943,345,0.793103,0,396,1341
inputs/inputGraph_order_30_density_0.75_id_5.txt,parameters/parameterSet7.txt,900,999,24,1,1,0,30,0.750000,0,900762,83,90,5496,31435,0,0.067845,34.000000,65657,65734,36931,453897,158173,311,0.714943,345,0.793103,0,396,1341
inputs/inputGraph_order_35_density_0.25_id_1.txt,parameters/parameterSet1.txt,900,999,24,0,0,0,35,0.250000,0,900601,470,86,144202,27125,0,0.831843,433.000000,1,0,171327,17865,12842,162,0.272269,595,1.000000,1,6448,1
inputs/inputGraph_order_35_density_0.25_id_1.txt,parameters/parameterSet3.txt,900,999,24,0,1,0,35,0.250000,0,901303,253,50,92998,9395,0,0.402553,123.000000,2201,5916,102393,29875,23062,162,0.272269,285,0.478992,0,6448,1
inputs/inputGraph_order_35_density_0.25_id_1.txt,parameters/parameterSet5.txt,900,999,24,1,0,0,35,0.250000,0,900701,285,52,101874,7521,0,0.428033,129.000000,10,25,109395,60896,54507,162,0.272269,291,0.489076,0,6448,1
inputs/inputGraph_order_35_density_0.25_id_1.txt,parameters/parameterSet7.txt,900,999,24,1,1,0,35,0.250000,0,901684,246,50,99799,7028,0,0.429236,128.000000,2076,5554,106827,28165,22800,162,0.272269,290,0.487395,0,6448,1
inputs/inputGraph_order_35_density_0.25_id_2.txt,parameters/parameterSet1.txt,900,999,24,0,0,0,35,0.250000,0,900835,488,136,122084,46426,0,0.843000,436.000000,1,0,168510,24061,18969,159,0.267227,595,1.000000,1,6448,1
inputs/inputGraph_order_35_density_0.25_id_2.txt,parameters/parameterSet3.txt,900,999,24,0,1,0,35,0.250000,0,901645,201,58,79927,6047,0,0.319621,102.000000,3427,8298,85974,42839,33875,159,0.267227,261,0.438655,0,6448,1
inputs/inputGraph_order_35_density_0.25_id_2.txt,parameters/parameterSet5.txt,900,999,24,1,0,0,35,0.250000,0,901030,275,88,91689,9133,0,0.386643,115.000000,10,43,100822,94595,86210,159,0.267227,274,0.460504,0,6448,1
inputs/inputGraph_order_35_density_0.25_id_2.txt,parameters/parameterSet7.txt,900,999,24,1,1,0,35,0.250000,0,901495,190,58,79927,6047,0,0.320436,102.000000,3403,8298,85974,42632,33683,159,0.267227,261,0.438655,0,6448,1
inputs/inputGraph_order_35_density_0.25_id_3.txt,parameters/parameterSet1.txt,900,999,24,0,0,0,35,0.250000,0,901582,500,102,157921,47895,0,0.823905,424.000000,1,0,205816,15374,10381,171,0.287395,595,1.000000,1,6448,1
inputs/inputGraph_order_35_density_0.25_id_3.txt,parameters/parameterSet3.txt,900,999,24,0,1,0,35,0.250000,0,901290,210,44,100357,9423,0,0.346420,115.000000,2579,5866,109780,29607,22077,171,0.287395,286,0.480672,0,6448,1
inputs/inputGraph_order_35_density_0.25_id_3.txt,parameters/parameterSet5.txt,900,999,24,1,0,0,35,0.250000,0,901152,303,68,101664,18435,0,0.471383,143.000000,8,33,120099,37721,32131,171,0.287395,314,0.527731,0,6448,1
inputs/inputGraph_order_35_density_0.25_id_3.txt,parameters/parameterSet7.txt,900,999,24,1,1,0,35,0.250000,0,901704,206,44,100357,9423,0,0.346420,115.000000,2579,5859,109780,29494,21963,171,0.287395,286,0.480672,0,6448,1
inputs/inputGraph_order_35_density_0.25_id_4.txt,parameters/parameterSet1.txt,900,999,24,0,0,0,35,0.250000,0,901076,448,176,115168,20092,0,0.871962,454.000000,1,0,135260,30221,25156,141,0.236975,595,1.000000,1,6448,1
inputs/inputGraph_order_35_density_0.25_id_4.txt,parameters/parameterSet3.txt,900,999,24,0,1,0,35,0.250000,0,901415,238,86,74073,4664,0,0.416627,102.000000,3237,9072,78737,46178,39674,141,0.236975,243,0.408403,0,6448,1
inputs/inputGraph_order_35_density_0.25_id_4.txt,parameters/parameterSet5.txt,900,999,24,1,0,0,35,0.250000,0,900335,338,124,95275,6631,0,0.402375,103.000000,17,61,101906,110656,12419,141,0.236975,244,0.410084,0,6448,1
inputs/inputGraph_order_35_density_0.25_id_4.txt,parameters/parameterSet7.txt,900,999,24,1,1,0,35,0.250000,0,901921,225,72,73323,2469,0,0.340028,90.000000,3693,9905,75792,50201,41366,141,0.236975,231,0.388235,0,6448,1
inputs/inputGraph_order_35_density_0.25_id_5.txt,parameters/parameterSet1.txt,900,999,24,0,0,0,35,0.250000,0,900523,365,102,107268,37962,0,0.842689,431.000000,1,0,145230,26005,20913,164,0.275630,595,1.000000,1,6448,1
inputs/inputGraph_order_35_density_0.25_id_5.txt,parameters/parameterSet3.txt,900,999,24,0,1,0,35,0.250000,0,901667,207,46,75585,6559,0,0.342841,104.000000,3871,8434,82144,43244,36059,164,0.275630,268,0.450420,0,6448,1
inputs/inputGraph_order_35_density_0.25_id_5.txt,parameters/parameterSet5.txt,900,999,24,1,0,0,35,0.250000,0,900784,288,64,89146,10893,0,0.438775,122.000000,10,31,100039,66190,59286,164,0.275630,286,0.480672,0,6448,1
inputs/inputGraph_order_35_density_0.25_id_5.txt,parameters/parameterSet7.txt,900,999,24,1,1,0,35,0.250000,0,901288,214,48,80700,6919,0,0.271799,94.000000,4276,7911,87619,40257,30328,164,0.275630,258,0.433613,0,6448,1
inputs/inputGraph_order_35_density_0.50_id_1.txt,parameters/parameterSet1.txt,900,999,24,0,0,0,35,0.500000,0,900748,709,130,67642,220324,0,0.794666,300.000000,1,0,287966,20913,10162,295,0.495798,595,1.000000,1,4979,1175
inputs/inputGraph_order_35_density_0.50_id_1.txt,parameters/parameterSet3.txt,900,999,24,0,1,0,35,0.500000,0,901170,184,34,47137,53971,0,0.447545,114.000000,4721,8030,101108,40998,29020,295,0.495798,409,0.687395,0,4979,1175
inputs/inputGraph_order_35_density_0.50_id_1.txt,parameters/parameterSet5.txt,900,999,24,1,0,0,35,0.500000,0,900720,335,62,56091,92984,0,0.503942,125.000000,9,30,149075,34721,23292,295,0.495798,420,0.705882,0,4979,1175
inputs/inputGraph_order_35_density_0.50_id_1.txt,parameters/parameterSet7.txt,900,999,24,1,1,0,35,0.500000,0,901136,190,34,47137,53971,0,0.447545,114.000000,4709,8008,101108,40789,28826,295,0.495798,409,0.687395,0,4979,1175
inputs/inputGraph_order_35_density_0.50_id_2.txt,parameters/parameterSet1.txt,900,999,24,0,0,0,35,0.500000,0,900839,663,122,71841,190262,0,0.793442,305.000000,1,0,262103,21390,10461,290,0.487395,595,1.000000,1,4979,1175
inputs/inputGraph_order_35_density_0.50_id_2.txt,parameters/parameterSet3.txt,900,999,24,0,1,0,35,0.500000,0,900968,249,36,54540,49053,0,0.439650,116.000000,4717,7752,103593,39506,27654,290,0.487395,406,0.682353,0,4979,1175
inputs/inputGraph_order_35_density_0.50_id_2.txt,parameters/parameterSet5.txt,900,999,24,1,0,0,35,0.500000,0,900531,404,84,64191,105828,0,0.543478,138.000000,9,41,170019,27392,16240,290,0.487395,428,0.719328,0,4979,1175
inputs/inputGraph_order_35_density_0.50_id_2.txt,parameters/parameterSet7.txt,900,999,24,1,1,0,35,0.500000,0,901486,203,36,54576,48544,0,0.439650,116.000000,4722,7751,103120,39413,27558,290,0.487395,406,0.682353,0,4979,1175
inputs/inputGraph_order_35_density_0.50_id_3.txt,parameters/parameterSet1.txt,900,999,24,0,0,0,35,0.500000,0,900721,735,120,66104,218818,0,0.791864,295.000000,1,0,284922,20648,9997,300,0.504202,595,1.000000,1,4979,1175
inputs/inputGraph_order_35_density_0.50_id_3.txt,parameters/parameterSet3.txt,900,999,24,0,1,0,35,0.500000,0,900553,210,34,54013,62160,0,0.468368,117.000000,4737,7076,116173,36130,24259,300,0.504202,417,0.700840,0,4979,1175
inputs/inputGraph_order_35_density_0.50_id_3.txt,parameters/parameterSet5.txt,900,999,24,1,0,0,35,0.500000,0,900698,362,52,58420,101107,0,0.524028,129.000000,9,25,159527,31766,20483,300,0.504202,429,0.721008,0,4979,1175
inputs/inputGraph_order_35_density_0.50_id_3.txt,parameters/parameterSet7.txt,900,999,24,1,1,0,35,0.500000,0,901874,223,34,54013,62160,0,0.468368,117.000000,4728,7112,116173,36189,24321,300,0.504202,417,0.700840,0,4979,1175
inputs/inputGraph_order_35_density_0.50_id_4.txt,parameters/parameterSet1.txt,900,999,24,0,0,0,35,0.500000,0,900579,732,116,72227,214944,0,0.794835,310.000000,1,0,287171,21828,10918,285,0.478992,595,1.000000,1,4979,1175
inputs/inputGraph_order_35_density_0.50_id_4.txt,parameters/parameterSet3.txt,900,999,24,0,1,0,35,0.500000,0,901411,305,40,55984,69567,0,0.482916,123.000000,3195,5680,125551,28685,17440,285,0.478992,408,0.685714,0,4979,1175
inputs/inputGraph_order_35_density_0.50_id_4.txt,parameters/parameterSet5.txt,900,999,24,1,0,0,35,0.500000,0,900987,457,72,62699,130232,0,0.555236,143.000000,8,35,192931,26319,15100,285,0.478992,428,0.719328,0,4979,1175
inputs/inputGraph_order_35_density_0.50_id_4.txt,parameters/parameterSet7.txt,900,999,24,1,1,0,35,0.500000,0,901876,261,40,55984,69567,0,0.482916,123.000000,3200,5681,125551,28598,17364,285,0.478992,408,0.685714,0,4979,1175
inputs/inputGraph_order_35_density_0.50_id_5.txt,parameters/parameterSet1.txt,900,999,24,0,0,0,35,0.500000,0,901003,753,114,81018,183057,0,0.794855,311.000000,1,0,264075,21178,10226,284,0.477311,595,1.000000,1,4979,1175
inputs/inputGraph_order_35_density_0.50_id_5.txt,parameters/parameterSet3.txt,900,999,24,0,1,0,35,0.500000,0,901171,328,54,79523,80032,0,0.493650,126.000000,3281,5554,159555,27985,16781,284,0.477311,410,0.689076,0,4979,1175
inputs/inputGraph_order_35_density_0.50_id_5.txt,parameters/parameterSet5.txt,900,999,24,1,0,0,35,0.500000,0,900456,402,68,65990,92974,0,0.574666,150.000000,9,33,158964,23872,18643,284,0.477311,434,0.729412,0,4979,1175
inputs/inputGraph_order_35_density_0.50_id_5.txt,parameters/parameterSet7.txt,900,999,24,1,1,0,35,0.500000,0,901332,302,54,79523,80032,0,0.493650,126.000000,3282,5548,159555,27874,16672,284,0.477311,410,0.689076,0,4979,1175
inputs/inputGraph_order_35_density_0.75_id_1.txt,parameters/parameterSet1.txt,900,999,24,0,0,0,35,0.750000,0,900172,559,142,13485,127105,0,0.157865,43.000000,11,0,140590,109648,7337,443,0.744538,486,0.816807,0,903,5546
inputs/inputGraph_order_35_density_0.75_id_1.txt,parameters/parameterSet3.txt,900,999,24,0,1,0,35,0.750000,0,900992,436,96,10461,92760,0,0.130913,41.000000,20275,20554,103221,115215,56975,443,0.744538,484,0.813445,0,903,5546
inputs/inputGraph_order_35_density_0.75_id_1.txt,parameters/parameterSet5.txt,900,999,24,1,0,0,35,0.750000,0,901296,344,98,10556,82312,0,0.192236,44.000000,41,42,92868,98108,52781,443,0.744538,487,0.818487,0,903,5546
inputs/inputGraph_order_35_density_0.75_id_1.txt,parameters/parameterSet7.txt,900,999,24,1,1,0,35,0.750000,0,901223,411,96,10461,92760,0,0.130816,41.000000,20257,20551,103221,115318,57027,443,0.744538,484,0.813445,0,903,5546
inputs/inputGraph_order_35_density_0.75_id_2.txt,parameters/parameterSet1.txt,900,999,24,0,0,0,35,0.750000,0,901345,400,178,12248,110549,0,0.184035,47.000000,12,0,122797,114637,74359,438,0.736134,485,0.815126,0,903,5546
inputs/inputGraph_order_35_density_0.75_id_2.txt,parameters/parameterSet3.txt,900,999,24,0,1,0,35,0.750000,0,901111,265,94,10704,83476,0,0.214881,48.000000,21954,22716,94180,120395,66960,438,0.736134,486,0.816807,0,903,5546
inputs/inputGraph_order_35_density_0.75_id_2.txt,parameters/parameterSet5.txt,900,999,24,1,0,0,35,0.750000,0,901016,294,126,11753,99368,0,0.228457,49.000000,42,57,111121,56764,39178,438,0.736134,487,0.818487,0,903,5546
inputs/inputGraph_order_35_density_0.75_id_2.txt,parameters/parameterSet7.txt,900,999,24,1,1,0,35,0.750000,0,901465,252,94,10704,83476,0,0.214898,48.000000,21952,22729,94180,120193,66788,438,0.736134,486,0.816807,0,903,5546
inputs/inputGraph_order_35_density_0.75_id_3.txt,parameters/parameterSet1.txt,900,999,24,0,0,0,35,0.750000,0,901383,431,82,12307,135980,0,0.234460,51.000000,8,0,148287,109156,80136,432,0.726050,483,0.811765,0,903,5546
inputs/inputGraph_order_35_density_0.75_id_3.txt,parameters/parameterSet3.txt,900,999,24,0,1,0,35,0.750000,0,901410,579,116,14780,195851,0,0.256913,51.000000,7722,7858,210631,41832,20350,432,0.726050,483,0.811765,0,903,5546
inputs/inputGraph_order_35_density_0.75_id_3.txt,parameters/parameterSet5.txt,900,999,24,1,0,0,35,0.750000,0,901111,475,98,12988,160578,0,0.247586,51.000000,32,39,173566,57280,35670,432,0.726050,483,0.811765,0,903,5546
inputs/inputGraph_order_35_density_0.75_id_3.txt,parameters/parameterSet7.txt,900,999,24,1,1,0,35,0.750000,0,901537,582,116,14780,195851,0,0.256913,51.000000,7757,7910,210631,41850,20362,432,0.726050,483,0.811765,0,903,5546
inputs/inputGraph_order_35_density_0.75_id_4.txt,parameters/parameterSet1.txt,900,999,24,0,0,0,35,0.750000,0,901087,739,150,14262,163628,0,0.232707,48.000000,11,0,177890,43259,23154,441,0.741176,489,0.821849,0,903,5546
inputs/inputGraph_order_35_density_0.75_id_4.txt,parameters/parameterSet3.txt,900,999,24,0,1,0,35,0.750000,0,901117,403,70,12174,108900,0,0.225786,48.000000,12044,12132,121074,66549,43051,441,0.741176,489,0.821849,0,903,5546
inputs/inputGraph_order_35_density_0.75_id_4.txt,parameters/parameterSet5.txt,900,999,24,1,0,0,35,0.750000,0,901117,638,152,13201,145007,0,0.192166,46.000000,51,65,158208,77972,41845,441,0.741176,487,0.818487,0,903,5546
inputs/inputGraph_order_35_density_0.75_id_4.txt,parameters/parameterSet7.txt,900,999,24,1,1,0,35,0.750000,0,901241,368,70,12174,108900,0,0.225738,48.000000,12084,12177,121074,66598,43093,441,0.741176,489,0.821849,0,903,5546
inputs/inputGraph_order_35_density_0.75_id_5.txt,parameters/parameterSet1.txt,900,999,24,0,0,0,35,0.750000,0,901319,524,126,7994,117296,0,0.120503,39.000000,9,0,125290,236124,155653,453,0.761345,492,0.826891,0,903,5546
inputs/inputGraph_order_35_density_0.75_id_5.txt,parameters/parameterSet3.txt,900,999,24,0,1,0,35,0.750000,0,901472,382,106,6987,102134,0,0.122539,39.000000,30526,30564,109121,169138,93228,453,0.761345,492,0.826891,0,903,5546
inputs/inputGraph_order_35_density_0.75_id_5.txt,parameters/parameterSet5.txt,900,999,24,1,0,0,35,0.750000,0,901147,627,120,8191,124054,0,0.072769,38.000000,57,52,132245,121735,47242,453,0.761345,491,0.825210,0,903,5546
inputs/inputGraph_order_35_density_0.75_id_5.txt,parameters/parameterSet7.txt,900,999,24,1,1,0,35,0.750000,0,901189,518,116,9072,132407,0,0.116234,39.000000,19837,19852,141479,115463,60364,453,0.761345,492,0.826891,0,903,5546
inputs/inputGraph_order_40_density_0.25_id_1.txt,parameters/parameterSet1.txt,900,999,24,0,0,0,40,0.250000,0,901423,576,56,197848,40782,0,0.841513,585.000000,1,0,238630,22062,17050,195,0.250000,780,1.000000,1,21547,3
inputs/inputGraph_order_40_density_0.25_id_1.txt,parameters/parameterSet3.txt,900,999,24,0,1,0,40,0.250000,0,903166,438,38,191730,9358,0,0.460670,170.000000,911,2478,201088,12220,7286,195,0.250000,365,0.467949,0,21547,3
inputs/inputGraph_order_40_density_0.25_id_1.txt,parameters/parameterSet5.txt,900,999,24,1,0,0,40,0.250000,0,901217,534,46,194136,17815,0,0.470617,175.000000,10,22,211951,22810,17683,195,0.250000,370,0.474359,0,21547,3
inputs/inputGraph_order_40_density_0.25_id_1.txt,parameters/parameterSet7.txt,900,999,24,1,1,0,40,0.250000,0,902394,484,40,179925,12684,0,0.429326,162.000000,1036,2857,192609,14023,8838,195,0.250000,357,0.457692,0,21547,3
inputs/inputGraph_order_40_density_0.25_id_2.txt,parameters/parameterSet1.txt,900,999,24,0,0,0,40,0.250000,0,900513,710,74,234488,42297,0,0.850081,589.000000,1,0,276785,17156,12223,191,0.244872,780,1.000000,1,21547,3
inputs/inputGraph_order_40_density_0.25_id_2.txt,parameters/parameterSet3.txt,900,999,24,0,1,0,40,0.250000,0,903167,479,42,185269,9918,0,0.394403,146.000000,847,2810,195187,14120,8772,191,0.244872,337,0.432051,0,21547,3
inputs/inputGraph_order_40_density_0.25_id_2.txt,parameters/parameterSet5.txt,900,999,24,1,0,0,40,0.250000,0,900783,470,44,186007,12633,0,0.427133,156.000000,8,21,198640,34700,29252,191,0.244872,347,0.444872,0,21547,3
inputs/inputGraph_order_40_density_0.25_id_2.txt,parameters/parameterSet7.txt,900,999,24,1,1,0,40,0.250000,0,901001,449,40,181394,10583,0,0.432892,156.000000,670,2539,191977,12968,7944,191,0.244872,347,0.444872,0,21547,3
inputs/inputGraph_order_40_density_0.25_id_3.txt,parameters/parameterSet1.txt,900,999,24,0,0,0,40,0.250000,0,900736,684,46,240766,39307,0,0.828173,575.000000,1,0,280073,17420,12345,205,0.262821,780,1.000000,1,21547,3
inputs/inputGraph_order_40_density_0.25_id_3.txt,parameters/parameterSet3.txt,900,999,24,0,1,0,40,0.250000,0,903204,578,36,222298,11886,0,0.346757,151.000000,763,2408,234184,11878,6484,205,0.262821,356,0.456410,0,21547,3
inputs/inputGraph_order_40_density_0.25_id_3.txt,parameters/parameterSet5.txt,900,999,24,1,0,0,40,0.250000,0,900987,580,38,238197,10996,0,0.433024,174.000000,8,18,249193,18260,13244,205,0.262821,379,0.485897,0,21547,3
inputs/inputGraph_order_40_density_0.25_id_3.txt,parameters/parameterSet7.txt,900,999,24,1,1,0,40,0.250000,0,902886,539,32,206454,10117,0,0.395403,162.000000,725,2463,216571,12322,7434,205,0.262821,367,0.470513,0,21547,3
inputs/inputGraph_order_40_density_0.25_id_4.txt,parameters/parameterSet1.txt,900,999,24,0,0,0,40,0.250000,0,901285,741,62,242833,49375,0,0.838998,578.000000,1,0,292208,18404,13324,202,0.258974,780,1.000000,1,21547,3
inputs/inputGraph_order_40_density_0.25_id_4.txt,parameters/parameterSet3.txt,900,999,24,0,1,0,40,0.250000,0,903218,517,42,209935,13701,0,0.412988,159.000000,639,2688,223636,13832,8947,202,0.258974,361,0.462821,0,21547,3
inputs/inputGraph_order_40_density_0.25_id_4.txt,parameters/parameterSet5.txt,900,999,24,1,0,0,40,0.250000,0,900739,519,40,198366,13551,0,0.417104,161.000000,8,19,211917,31829,26467,202,0.258974,363,0.465385,0,21547,3
inputs/inputGraph_order_40_density_0.25_id_4.txt,parameters/parameterSet7.txt,900,999,24,1,1,0,40,0.250000,0,901496,460,36,192485,11339,0,0.411073,158.000000,840,2797,203824,14064,8838,202,0.258974,360,0.461538,0,21547,3
inputs/inputGraph_order_40_density_0.25_id_5.txt,parameters/parameterSet1.txt,900,999,24,0,0,0,40,0.250000,0,901812,696,58,255263,36050,0,0.845318,592.000000,1,0,291313,20155,15109,188,0.241026,780,1.000000,1,21547,3
inputs/inputGraph_order_40_density_0.25_id_5.txt,parameters/parameterSet3.txt,900,999,24,0,1,0,40,0.250000,0,901280,548,38,214230,8468,0,0.459026,168.000000,531,2560,222698,13012,8073,188,0.241026,356,0.456410,0,21547,3
inputs/inputGraph_order_40_density_0.25_id_5.txt,parameters/parameterSet5.txt,900,999,24,1,0,0,40,0.250000,0,901055,640,42,226690,12564,0,0.467951,172.000000,8,20,239254,26336,21264,188,0.241026,360,0.461538,0,21547,3
inputs/inputGraph_order_40_density_0.25_id_5.txt,parameters/parameterSet7.txt,900,999,24,1,1,0,40,0.250000,0,904098,485,38,213942,7871,0,0.453204,166.000000,600,2510,221813,12423,7532,188,0.241026,354,0.453846,0,21547,3
inputs/inputGraph_order_40_density_0.50_id_1.txt,parameters/parameterSet1.txt,900,999,24,0,0,0,40,0.500000,0,900727,984,48,108518,317638,0,0.795661,369.000000,1,0,426156,15911,5314,411,0.526923,780,1.000000,1,10991,3280
inputs/inputGraph_order_40_density_0.50_id_1.txt,parameters/parameterSet3.txt,900,999,24,0,1,0,40,0.500000,0,902590,514,32,99945,167102,0,0.546746,169.000000,1939,2806,267047,13923,3065,411,0.526923,580,0.743590,0,10991,3280
inputs/inputGraph_order_40_density_0.50_id_1.txt,parameters/parameterSet5.txt,900,999,24,1,0,0,40,0.500000,0,901303,1011,46,106496,325323,0,0.620895,201.000000,8,22,431819,14824,4164,411,0.526923,612,0.784615,0,10991,3280
inputs/inputGraph_order_40_density_0.50_id_1.txt,parameters/parameterSet7.txt,900,999,24,1,1,0,40,0.500000,0,903245,538,32,94273,175442,0,0.544048,168.000000,1940,3103,269715,15456,4745,411,0.526923,579,0.742308,0,10991,3280
inputs/inputGraph_order_40_density_0.50_id_2.txt,parameters/parameterSet1.txt,900,999,24,0,0,0,40,0.500000,0,901184,1040,50,124172,292367,0,0.792461,398.000000,1,0,416539,17066,6604,382,0.489744,780,1.000000,1,10991,3280
inputs/inputGraph_order_40_density_0.50_id_2.txt,parameters/parameterSet3.txt,900,999,24,0,1,0,40,0.500000,0,901500,556,34,122784,153171,0,0.553511,185.000000,1667,2548,275955,12798,2253,382,0.489744,567,0.726923,0,10991,3280
inputs/inputGraph_order_40_density_0.50_id_2.txt,parameters/parameterSet5.txt,900,999,24,1,0,0,40,0.500000,0,900203,574,34,134318,142187,0,0.609610,208.000000,8,16,276505,9328,4454,382,0.489744,590,0.756410,0,10991,3280
inputs/inputGraph_order_40_density_0.50_id_2.txt,parameters/parameterSet7.txt,900,999,24,1,1,0,40,0.500000,0,904798,443,28,111763,98345,0,0.561497,187.000000,1668,2479,210108,12465,1764,382,0.489744,569,0.729487,0,10991,3280
inputs/inputGraph_order_40_density_0.50_id_3.txt,parameters/parameterSet1.txt,900,999,24,0,0,0,40,0.500000,0,900241,718,46,151444,204224,0,0.794621,409.000000,1,0,355668,13698,3087,371,0.475641,780,1.000000,1,10991,3280
inputs/inputGraph_order_40_density_0.50_id_3.txt,parameters/parameterSet3.txt,900,999,24,0,1,0,40,0.500000,0,901887,333,24,112163,69614,0,0.530726,179.000000,1825,2504,181777,12669,1636,371,0.475641,550,0.705128,0,10991,3280
inputs/inputGraph_order_40_density_0.50_id_3.txt,parameters/parameterSet5.txt,900,999,24,1,0,0,40,0.500000,0,900531,871,46,138055,224989,0,0.592232,206.000000,8,22,363044,16162,5617,371,0.475641,577,0.739744,0,10991,3280
inputs/inputGraph_order_40_density_0.50_id_3.txt,parameters/parameterSet7.txt,900,999,24,1,1,0,40,0.500000,0,901267,432,28,124285,98506,0,0.519999,175.000000,1328,1999,222791,9751,4685,371,0.475641,546,0.700000,0,10991,3280
inputs/inputGraph_order_40_density_0.50_id_4.txt,parameters/parameterSet1.txt,900,999,24,0,0,0,40,0.500000,0,900459,728,42,138674,225366,0,0.793855,391.000000,1,0,364040,13993,3450,389,0.498718,780,1.000000,1,10991,3280
inputs/inputGraph_order_40_density_0.50_id_4.txt,parameters/parameterSet3.txt,900,999,24,0,1,0,40,0.500000,0,901402,465,30,129289,129538,0,0.554680,181.000000,1583,2674,258827,13294,2284,389,0.498718,570,0.730769,0,10991,3280
inputs/inputGraph_order_40_density_0.50_id_4.txt,parameters/parameterSet5.txt,900,999,24,1,0,0,40,0.500000,0,901043,1011,42,131920,257871,0,0.612500,208.000000,8,20,389791,16063,5230,389,0.498718,597,0.765385,0,10991,3280
inputs/inputGraph_order_40_density_0.50_id_4.txt,parameters/parameterSet7.txt,900,999,24,1,1,0,40,0.500000,0,900180,453,28,124168,111513,0,0.566663,186.000000,1160,1863,235681,9296,4256,389,0.498718,575,0.737179,0,10991,3280
inputs/inputGraph_order_40_density_0.50_id_5.txt,parameters/parameterSet1.txt,900,999,24,0,0,0,40,0.500000,0,900403,738,50,143205,224051,0,0.792646,381.000000,1,0,367256,13218,2606,399,0.511538,780,1.000000,1,10991,3280
inputs/inputGraph_order_40_density_0.50_id_5.txt,parameters/parameterSet3.txt,900,999,24,0,1,0,40,0.500000,0,902211,600,40,132220,175901,0,0.543342,173.000000,1761,2612,308121,13249,2487,399,0.511538,572,0.733333,0,10991,3280
inputs/inputGraph_order_40_density_0.50_id_5.txt,parameters/parameterSet5.txt,900,999,24,1,0,0,40,0.500000,0,900577,569,38,118258,146789,0,0.605015,199.000000,10,18,265047,9514,4604,399,0.511538,598,0.766667,0,10991,3280
inputs/inputGraph_order_40_density_0.50_id_5.txt,parameters/parameterSet7.txt,900,999,24,1,1,0,40,0.500000,0,900493,637,38,131009,166812,0,0.540339,171.000000,1255,1874,297821,9494,4459,399,0.511538,570,0.730769,0,10991,3280
inputs/inputGraph_order_40_density_0.75_id_1.txt,parameters/parameterSet1.txt,900,999,24,0,0,0,40,0.750000,0,901649,1659,86,16156,511633,0,0.401964,66.000000,2,0,527789,8969,4002,597,0.765385,663,0.850000,0,1833,19717
inputs/inputGraph_order_40_density_0.75_id_1.txt,parameters/parameterSet3.txt,900,999,24,0,1,0,40,0.750000,0,901405,1495,92,14564,479696,0,0.345757,59.000000,1713,1814,494260,9198,3670,597,0.765385,656,0.841026,0,1833,19717
inputs/inputGraph_order_40_density_0.75_id_1.txt,parameters/parameterSet5.txt,900,999,24,1,0,0,40,0.750000,0,900632,1539,108,14858,490446,0,0.342373,59.000000,45,50,505304,16498,5292,597,0.765385,656,0.841026,0,1833,19717
inputs/inputGraph_order_40_density_0.75_id_1.txt,parameters/parameterSet7.txt,900,999,24,1,1,0,40,0.750000,0,901386,1291,64,14423,443351,0,0.307186,59.000000,1860,1870,457774,9667,4286,597,0.765385,656,0.841026,0,1833,19717
inputs/inputGraph_order_40_density_0.75_id_2.txt,parameters/parameterSet1.txt,900,999,24,0,0,0,40,0.750000,0,900372,1462,96,12706,490661,0,0.299967,54.000000,4,0,503367,20212,8578,605,0.775641,659,0.844872,0,1833,19717
inputs/inputGraph_order_40_density_0.75_id_2.txt,parameters/parameterSet3.txt,900,999,24,0,1,0,40,0.750000,0,900384,1474,80,13367,538147,0,0.299819,54.000000,2783,2864,551514,14560,2563,605,0.775641,659,0.844872,0,1833,19717
inputs/inputGraph_order_40_density_0.75_id_2.txt,parameters/parameterSet5.txt,900,999,24,1,0,0,40,0.750000,0,900735,1079,62,11280,401048,0,0.403214,62.000000,28,27,412328,24695,12937,605,0.775641,667,0.855128,0,1833,19717
inputs/inputGraph_order_40_density_0.75_id_2.txt,parameters/parameterSet7.txt,900,999,24,1,1,0,40,0.750000,0,900398,1859,100,14936,584187,0,0.178839,49.000000,2366,2410,599123,12850,1769,605,0.775641,654,0.838462,0,1833,19717
inputs/inputGraph_order_40_density_0.75_id_3.txt,parameters/parameterSet1.txt,900,999,24,0,0,0,40,0.750000,0,900631,1484,138,15143,391413,0,0.289238,54.000000,8,0,406556,32122,17919,606,0.776923,660,0.846154,0,1833,19717
inputs/inputGraph_order_40_density_0.75_id_3.txt,parameters/parameterSet3.txt,900,999,24,0,1,0,40,0.750000,0,901671,748,58,12498,259448,0,0.342811,56.000000,2702,2754,271946,14436,7713,606,0.776923,662,0.848718,0,1833,19717
inputs/inputGraph_order_40_density_0.75_id_3.txt,parameters/parameterSet5.txt,900,999,24,1,0,0,40,0.750000,0,900705,990,108,13066,301173,0,0.346414,56.000000,37,51,314239,14799,8546,606,0.776923,662,0.848718,0,1833,19717
inputs/inputGraph_order_40_density_0.75_id_3.txt,parameters/parameterSet7.txt,900,999,24,1,1,0,40,0.750000,0,900942,2059,108,15070,519762,0,0.280769,52.000000,2561,2728,534832,13771,4742,606,0.776923,658,0.843590,0,1833,19717
inputs/inputGraph_order_40_density_0.75_id_4.txt,parameters/parameterSet1.txt,900,999,24,0,0,0,40,0.750000,0,900424,1615,74,20500,525886,0,0.483937,81.000000,2,0,546386,11964,1035,584,0.748718,665,0.852564,0,1833,19717
inputs/inputGraph_order_40_density_0.75_id_4.txt,parameters/parameterSet3.txt,900,999,24,0,1,0,40,0.750000,0,901006,1545,82,18748,481336,0,0.484333,83.000000,1547,1710,500084,8527,3454,584,0.748718,667,0.855128,0,1833,19717
inputs/inputGraph_order_40_density_0.75_id_4.txt,parameters/parameterSet5.txt,900,999,24,1,0,0,40,0.750000,0,900750,1742,90,19197,551639,0,0.533323,90.000000,23,43,570836,7773,2883,584,0.748718,674,0.864103,0,1833,19717
inputs/inputGraph_order_40_density_0.75_id_4.txt,parameters/parameterSet7.txt,900,999,24,1,1,0,40,0.750000,0,901278,1361,62,18206,403274,0,0.343724,64.000000,1766,1888,421480,9491,3354,584,0.748718,648,0.830769,0,1833,19717
inputs/inputGraph_order_40_density_0.75_id_5.txt,parameters/parameterSet1.txt,900,999,24,0,0,0,40,0.750000,0,900760,1390,138,18727,463669,0,0.402869,68.000000,6,0,482396,9131,4124,587,0.752564,655,0.839744,0,1833,19717
inputs/inputGraph_order_40_density_0.75_id_5.txt,parameters/parameterSet3.txt,900,999,24,0,1,0,40,0.750000,0,900494,1182,78,19180,441916,0,0.498716,81.000000,2936,3254,461096,16894,5889,587,0.752564,668,0.856410,0,1833,19717
inputs/inputGraph_order_40_density_0.75_id_5.txt,parameters/parameterSet5.txt,900,999,24,1,0,0,40,0.750000,0,900686,1341,92,20784,525770,0,0.458657,75.000000,31,44,546554,7625,2618,587,0.752564,662,0.848718,0,1833,19717
inputs/inputGraph_order_40_density_0.75_id_5.txt,parameters/parameterSet7.txt,900,999,24,1,1,0,40,0.750000,0,900955,1037,66,16622,361532,0,0.458649,75.000000,2280,2549,378154,12680,6653,587,0.752564,662,0.848718,0,1833,19717
